[
   {
      "inputs":[
         {
            "internalType":"uint256",
            "name":"_slotDuration",
            "type":"uint256"
         },
         {
            "internalType":"uint256",
            "name":"_roundDuration",
            "type":"uint256"
         },
         {
            "internalType":"address",
            "name":"_owner",
            "type":"address"
         },
         {
            "internalType":"address",
            "name":"_nftContract",
            "type":"address"
         }
      ],
      "stateMutability":"nonpayable",
      "type":"constructor"
   },
   {
      "inputs":[
         {
            "internalType":"address",
            "name":"owner",
            "type":"address"
         }
      ],
      "name":"OwnableInvalidOwner",
      "type":"error"
   },
   {
      "inputs":[
         {
            "internalType":"address",
            "name":"account",
            "type":"address"
         }
      ],
      "name":"OwnableUnauthorizedAccount",
      "type":"error"
   },
   {
      "anonymous":false,
      "inputs":[
         {
            "indexed":false,
            "internalType":"uint256",
            "name":"startTime",
            "type":"uint256"
         }
      ],
      "name":"NewRoundStarted",
      "type":"event"
   },
   {
      "anonymous":false,
      "inputs":[
         {
            "indexed":true,
            "internalType":"address",
            "name":"previousOwner",
            "type":"address"
         },
         {
            "indexed":true,
            "internalType":"address",
            "name":"newOwner",
            "type":"address"
         }
      ],
      "name":"OwnershipTransferred",
      "type":"event"
   },
   {
      "anonymous":false,
      "inputs":[
         {
            "indexed":false,
            "internalType":"address",
            "name":"player",
            "type":"address"
         },
         {
            "indexed":false,
            "internalType":"uint256",
            "name":"slots",
            "type":"uint256"
         }
      ],
      "name":"PlayerRegistered",
      "type":"event"
   },
   {
      "anonymous":false,
      "inputs":[
         {
            "indexed":false,
            "internalType":"address",
            "name":"player",
            "type":"address"
         }
      ],
      "name":"PlayerUnregistered",
      "type":"event"
   },
   {
      "anonymous":false,
      "inputs":[
         {
            "indexed":false,
            "internalType":"uint256",
            "name":"endTime",
            "type":"uint256"
         },
         {
            "indexed":false,
            "internalType":"uint256",
            "name":"roundNumber",
            "type":"uint256"
         }
      ],
      "name":"RoundEnded",
      "type":"event"
   },
   {
      "anonymous":false,
      "inputs":[
         
      ],
      "name":"SlotsShuffled",
      "type":"event"
   },
   {
      "inputs":[
         {
            "internalType":"address",
            "name":"player",
            "type":"address"
         }
      ],
      "name":"canPlayerAct",
      "outputs":[
         {
            "internalType":"bool",
            "name":"",
            "type":"bool"
         }
      ],
      "stateMutability":"view",
      "type":"function"
   },
   {
      "inputs":[
         
      ],
      "name":"currentRoundNumber",
      "outputs":[
         {
            "internalType":"uint256",
            "name":"",
            "type":"uint256"
         }
      ],
      "stateMutability":"view",
      "type":"function"
   },
   {
      "inputs":[
         {
            "internalType":"address",
            "name":"player",
            "type":"address"
         }
      ],
      "name":"getAllActionWindows",
      "outputs":[
         {
            "internalType":"uint256[]",
            "name":"startTimes",
            "type":"uint256[]"
         },
         {
            "internalType":"uint256[]",
            "name":"endTimes",
            "type":"uint256[]"
         }
      ],
      "stateMutability":"view",
      "type":"function"
   },
   {
      "inputs":[
         
      ],
      "name":"getCurrentPlayer",
      "outputs":[
         {
            "internalType":"address",
            "name":"",
            "type":"address"
         }
      ],
      "stateMutability":"view",
      "type":"function"
   },
   {
      "inputs":[
         {
            "internalType":"address",
            "name":"player",
            "type":"address"
         }
      ],
      "name":"getNextActionWindow",
      "outputs":[
         {
            "internalType":"uint256",
            "name":"startTime",
            "type":"uint256"
         },
         {
            "internalType":"uint256",
            "name":"endTime",
            "type":"uint256"
         }
      ],
      "stateMutability":"view",
      "type":"function"
   },
   {
      "inputs":[
         
      ],
      "name":"getRoundTimeLeft",
      "outputs":[
         {
            "internalType":"uint256",
            "name":"",
            "type":"uint256"
         }
      ],
      "stateMutability":"view",
      "type":"function"
   },
   {
      "inputs":[
         
      ],
      "name":"isRoundActive",
      "outputs":[
         {
            "internalType":"bool",
            "name":"",
            "type":"bool"
         }
      ],
      "stateMutability":"view",
      "type":"function"
   },
   {
      "inputs":[
         
      ],
      "name":"nftContract",
      "outputs":[
         {
            "internalType":"contract MockERC721",
            "name":"",
            "type":"address"
         }
      ],
      "stateMutability":"view",
      "type":"function"
   },
   {
      "inputs":[
         
      ],
      "name":"owner",
      "outputs":[
         {
            "internalType":"address",
            "name":"",
            "type":"address"
         }
      ],
      "stateMutability":"view",
      "type":"function"
   },
   {
      "inputs":[
         {
            "internalType":"uint256",
            "name":"",
            "type":"uint256"
         }
      ],
      "name":"playerList",
      "outputs":[
         {
            "internalType":"address",
            "name":"",
            "type":"address"
         }
      ],
      "stateMutability":"view",
      "type":"function"
   },
   {
      "inputs":[
         {
            "internalType":"address",
            "name":"",
            "type":"address"
         }
      ],
      "name":"players",
      "outputs":[
         {
            "internalType":"bool",
            "name":"isRegistered",
            "type":"bool"
         },
         {
            "internalType":"uint256",
            "name":"slots",
            "type":"uint256"
         }
      ],
      "stateMutability":"view",
      "type":"function"
   },
   {
      "inputs":[
         
      ],
      "name":"renounceOwnership",
      "outputs":[
         
      ],
      "stateMutability":"nonpayable",
      "type":"function"
   },
   {
      "inputs":[
         
      ],
      "name":"roundDuration",
      "outputs":[
         {
            "internalType":"uint256",
            "name":"",
            "type":"uint256"
         }
      ],
      "stateMutability":"view",
      "type":"function"
   },
   {
      "inputs":[
         
      ],
      "name":"roundStartTime",
      "outputs":[
         {
            "internalType":"uint256",
            "name":"",
            "type":"uint256"
         }
      ],
      "stateMutability":"view",
      "type":"function"
   },
   {
      "inputs":[
         {
            "internalType":"address",
            "name":"_nftContract",
            "type":"address"
         }
      ],
      "name":"setNFTContract",
      "outputs":[
         
      ],
      "stateMutability":"nonpayable",
      "type":"function"
   },
   {
      "inputs":[
         {
            "internalType":"uint256",
            "name":"_roundDuration",
            "type":"uint256"
         }
      ],
      "name":"setRoundDuration",
      "outputs":[
         
      ],
      "stateMutability":"nonpayable",
      "type":"function"
   },
   {
      "inputs":[
         {
            "internalType":"uint256",
            "name":"_slotDuration",
            "type":"uint256"
         }
      ],
      "name":"setSlotDuration",
      "outputs":[
         
      ],
      "stateMutability":"nonpayable",
      "type":"function"
   },
   {
      "inputs":[
         
      ],
      "name":"slotDuration",
      "outputs":[
         {
            "internalType":"uint256",
            "name":"",
            "type":"uint256"
         }
      ],
      "stateMutability":"view",
      "type":"function"
   },
   {
      "inputs":[
         
      ],
      "name":"startNewRound",
      "outputs":[
         
      ],
      "stateMutability":"nonpayable",
      "type":"function"
   },
   {
      "inputs":[
         
      ],
      "name":"totalSlots",
      "outputs":[
         {
            "internalType":"uint256",
            "name":"",
            "type":"uint256"
         }
      ],
      "stateMutability":"view",
      "type":"function"
   },
   {
      "inputs":[
         {
            "internalType":"address",
            "name":"newOwner",
            "type":"address"
         }
      ],
      "name":"transferOwnership",
      "outputs":[
         
      ],
      "stateMutability":"nonpayable",
      "type":"function"
   },
   {
      "inputs":[
         {
            "internalType":"address",
            "name":"player",
            "type":"address"
         }
      ],
      "name":"unregisterPlayer",
      "outputs":[
         
      ],
      "stateMutability":"nonpayable",
      "type":"function"
   },
   {
      "inputs":[
         
      ],
      "name":"updatePlayerSlots",
      "outputs":[
         
      ],
      "stateMutability":"nonpayable",
      "type":"function"
   }
]